{"cameraMode":{"drawMode":0,"name":"Shaded","section":"Shading Mode"},"sceneLighting":true,"audioPlay":false,"sceneViewState":{"m_AlwaysRefresh":false,"showFog":false,"showSkybox":true,"showFlares":true,"showImageEffects":true,"showParticleSystems":true,"showVisualEffectGraphs":true,"m_FxEnabled":true},"in2DMode":false,"pivot":{"x":1.153952717781067,"y":88.18316650390625,"z":550.8856201171875},"rotation":{"x":-0.7060145735740662,"y":0.006163460668176413,"z":-0.0022965255193412306,"w":-0.7089406251907349},"size":0.8660253882408142,"orthographic":false}