{"cameraMode":{"drawMode":0,"name":"Shaded","section":"Shading Mode"},"sceneLighting":true,"audioPlay":false,"sceneViewState":{"m_AlwaysRefresh":false,"showFog":false,"showSkybox":true,"showFlares":true,"showImageEffects":true,"showParticleSystems":true,"showVisualEffectGraphs":true,"m_FxEnabled":true},"in2DMode":false,"pivot":{"x":14.659965515136719,"y":180.7601318359375,"z":433.202880859375},"rotation":{"x":-0.6733543872833252,"y":-0.0022728736512362959,"z":0.0066843172535300259,"w":-0.7399770021438599},"size":1.117276906967163,"orthographic":false}